{"cameraMode":{"drawMode":0,"name":"Shaded","section":"Shading Mode"},"sceneLighting":true,"audioPlay":false,"sceneViewState":{"showFog":true,"showMaterialUpdate":false,"showSkybox":true,"showFlares":true,"showImageEffects":true,"showParticleSystems":true},"in2DMode":false,"pivot":{"x":0.6681404113769531,"y":0.3368033468723297,"z":-4.938163757324219},"rotation":{"x":0.1458677500486374,"y":0.017816901206970216,"z":-0.0026199123822152616,"w":0.989168107509613},"size":8.578252792358399,"orthographic":false}