{"cameraMode":{"drawMode":0,"name":"Shaded","section":"Shading Mode"},"sceneLighting":true,"audioPlay":false,"sceneViewState":{"showFog":true,"showMaterialUpdate":false,"showSkybox":true,"showFlares":true,"showImageEffects":true,"showParticleSystems":true},"in2DMode":false,"pivot":{"x":636.3936767578125,"y":215.44204711914063,"z":-232.0458984375},"rotation":{"x":-0.05128590390086174,"y":-0.00689311046153307,"z":0.00035405447124503553,"w":-0.9986623525619507},"size":894.0499267578125,"orthographic":false}