{"cameraMode":{"drawMode":0,"name":"Shaded","section":"Shading Mode"},"sceneLighting":true,"audioPlay":false,"sceneViewState":{"showFog":true,"showMaterialUpdate":false,"showSkybox":true,"showFlares":true,"showImageEffects":true,"showParticleSystems":true},"in2DMode":false,"pivot":{"x":1.5068978071212769,"y":-0.01444738358259201,"z":1.0624592304229737},"rotation":{"x":-0.12865249812602998,"y":0.1634330153465271,"z":-0.021501488983631135,"w":-0.9778932332992554},"size":3336.81591796875,"orthographic":false}