{"cameraMode":{"drawMode":0,"name":"Shaded","section":"Shading Mode"},"sceneLighting":false,"audioPlay":false,"sceneViewState":{"showFog":true,"showMaterialUpdate":false,"showSkybox":true,"showFlares":true,"showImageEffects":true,"showParticleSystems":true},"in2DMode":false,"pivot":{"x":-2.01200008392334,"y":0.5139999985694885,"z":-1.4901161193847657e-8},"rotation":{"x":-0.1840505301952362,"y":0.11090318113565445,"z":-0.02090471424162388,"w":-0.9764172434806824},"size":0.47094133496284487,"orthographic":false}