{"cameraMode":{"drawMode":0,"name":"Shaded","section":"Shading Mode"},"sceneLighting":true,"audioPlay":false,"sceneViewState":{"showFog":true,"showMaterialUpdate":false,"showSkybox":true,"showFlares":true,"showImageEffects":true,"showParticleSystems":true},"in2DMode":false,"pivot":{"x":0.008183479309082032,"y":1.095893383026123,"z":0.14985120296478272},"rotation":{"x":0.052355747669935229,"y":0.7024440169334412,"z":-0.05193481966853142,"w":0.7079480886459351},"size":7.457332611083984,"orthographic":false}