{"cameraMode":{"drawMode":0,"name":"Shaded","section":"Shading Mode"},"sceneLighting":true,"audioPlay":false,"sceneViewState":{"showFog":true,"showMaterialUpdate":false,"showSkybox":true,"showFlares":true,"showImageEffects":true,"showParticleSystems":true},"in2DMode":false,"pivot":{"x":0.008183479309082032,"y":1.095893383026123,"z":0.14985120296478272},"rotation":{"x":0.013935878872871399,"y":0.968960702419281,"z":-0.24052362143993379,"w":0.05616751313209534},"size":7.457332611083984,"orthographic":false}