{"cameraMode":{"drawMode":0,"name":"Shaded","section":"Shading Mode"},"sceneLighting":false,"audioPlay":false,"sceneViewState":{"showFog":true,"showMaterialUpdate":false,"showSkybox":true,"showFlares":true,"showImageEffects":true,"showParticleSystems":true},"in2DMode":false,"pivot":{"x":-1.4783674478530884,"y":0.35906606912612917,"z":0.0},"rotation":{"x":0.1496899574995041,"y":0.6244489550590515,"z":-0.12352271378040314,"w":0.7566024661064148},"size":1.5533201694488526,"orthographic":false}