{"cameraMode":{"drawMode":0,"name":"Shaded","section":"Shading Mode"},"sceneLighting":false,"audioPlay":false,"sceneViewState":{"showFog":true,"showMaterialUpdate":false,"showSkybox":true,"showFlares":true,"showImageEffects":true,"showParticleSystems":true},"in2DMode":false,"pivot":{"x":-1.4941236972808838,"y":0.49662891030311587,"z":-0.02203531563282013},"rotation":{"x":-0.05295190215110779,"y":-0.6853060126304627,"z":0.05002946779131889,"w":-0.724644124507904},"size":0.3452344536781311,"orthographic":false}