{"cameraMode":{"drawMode":0,"name":"Shaded","section":"Shading Mode"},"sceneLighting":false,"audioPlay":false,"sceneViewState":{"showFog":true,"showMaterialUpdate":false,"showSkybox":true,"showFlares":true,"showImageEffects":true,"showParticleSystems":true},"in2DMode":false,"pivot":{"x":-1.4176974296569825,"y":0.5444531440734863,"z":-1.5170185565948487},"rotation":{"x":-0.05295190215110779,"y":-0.6853060126304627,"z":0.05002946779131889,"w":-0.724644124507904},"size":0.5901633501052856,"orthographic":false}