{"cameraMode":{"drawMode":0,"name":"Shaded","section":"Shading Mode"},"sceneLighting":true,"audioPlay":false,"sceneViewState":{"showFog":true,"showMaterialUpdate":false,"showSkybox":true,"showFlares":true,"showImageEffects":true,"showParticleSystems":true},"in2DMode":false,"pivot":{"x":-20.159259796142579,"y":-1.0039467811584473,"z":2.3635785579681398},"rotation":{"x":-0.19027093052864076,"y":-0.052058588713407519,"z":0.010287449695169926,"w":-0.9803528785705566},"size":19.609899520874025,"orthographic":false}