{"cameraMode":{"drawMode":0,"name":"Shaded","section":"Shading Mode"},"sceneLighting":false,"audioPlay":false,"sceneViewState":{"showFog":true,"showMaterialUpdate":false,"showSkybox":true,"showFlares":true,"showImageEffects":true,"showParticleSystems":true},"in2DMode":false,"pivot":{"x":-1.422126293182373,"y":0.4691314101219177,"z":-1.9802076816558838},"rotation":{"x":-0.05295190215110779,"y":-0.6853060126304627,"z":0.05002946779131889,"w":-0.724644124507904},"size":0.6304787397384644,"orthographic":false}