{"cameraMode":{"drawMode":0,"name":"Shaded","section":"Shading Mode"},"sceneLighting":false,"audioPlay":false,"sceneViewState":{"showFog":true,"showMaterialUpdate":false,"showSkybox":true,"showFlares":true,"showImageEffects":true,"showParticleSystems":true},"in2DMode":false,"pivot":{"x":-1.831480860710144,"y":0.4508092701435089,"z":-0.2996145784854889},"rotation":{"x":-0.05295190215110779,"y":-0.6853060126304627,"z":0.05002946779131889,"w":-0.724644124507904},"size":0.6452344655990601,"orthographic":false}